fold,checkpoint,valid_loss,valid_accuracy,valid_precision_macro,valid_recall_macro,valid_macro_f1,valid_balanced_accuracy,valid_roc_auc_ovr_macro
4,runs\resnet50_cv\20260620_181005\fold_4\resnet50_best.pt,0.029464346894460928,0.9710412815773259,0.9724135508062964,0.9718377182859538,0.9717445175834631,0.9718377182859538,0.998685295009353
1,runs\resnet50_cv\20260620_181005\fold_1\resnet50_best.pt,0.029389580933762115,0.9612068965517241,0.9618492613516698,0.9622387075399633,0.9618826063543444,0.9622387075399633,0.9984141957157403
2,runs\resnet50_cv\20260620_181005\fold_2\resnet50_best.pt,0.028817095648977647,0.9605668515095502,0.962219536409104,0.9617308061956905,0.9615279890615666,0.9617308061956905,0.9982953485998796
5,runs\resnet50_cv\20260620_181005\fold_5\resnet50_best.pt,0.02813294339275613,0.958102279728897,0.9583073588588367,0.9588462292885087,0.9585516577710871,0.9588462292885087,0.998552490653012
3,runs\resnet50_cv\20260620_181005\fold_3\resnet50_best.pt,0.038145189538555536,0.9531731361675909,0.9549216514289987,0.9542245767830142,0.9542760926555219,0.9542245767830142,0.9976277460104896
